Título;N. tombo;ISBN;Edição;Volume;Tipo de material;Forma de aquisição;Data do registro
"""Das trevas da ignorância para alcançar a luz divina do saber""";1.612.826;9788593123405;;;Livro;DL;29/12/2021
"""O pilão de pilar lembranças""";1.612.465;9788582881934;;;Livro;DL;06/12/2021
"""Somos todos COS!""";1.612.663;9788532709042;1. ed.;;Livro;DL;15/12/2021
#Selfies;1.612.601;9788520508183;;;Livro;DL;09/12/2021
[Negros carregadores com seus cestos];1.250.053;;;;Original de arte;;14/03/2021
[Um vaqueiro montado a cavalo];1.250.056;;;;Original de arte;;09/03/2021
15 formas breves;1.612.838;9788566382204;;;Livro;DL;29/12/2021
1968 de maio a dezembro;1.612.711;;;;Livro;DL;27/12/2021
A ampulheta;1.612.344;9788540026865;;;Livro;DL;03/12/2021
A arquivologia brasileira;1.612.255;9788572330008;2. ed. ampl.;;Livro;DL;01/12/2021
A biblioteca da traça Teca;1.612.886;9786580082070;1. ed.;;Livro;DL;29/12/2021
A bioética e o futuro médico;1.612.512;9788553700509;;;Livro;DL;07/12/2021
A bruxa do mar;1.612.429;9788595085459;;;Livro;DL;06/12/2021
A cadeira falante;1.612.296;9788589672641;;;Livro;DL;01/12/2021
A canção do cristal encantado;1.612.602;9788542216936;;;Livro;DL;09/12/2021
A casa da alegria;1.612.751;9788566549676;;;Livro;DL;27/12/2021
A casa, a nostalgia e o pó;1.612.466;9788566786859;;;Livro;DL;06/12/2021
A cavalgada do luxo;1.612.620;9788540027916;;;Livro;DL;09/12/2021
A cidade em todas as suas formas;1.612.790;;;;Livro;DL;27/12/2021
A constituição cidadã e o direito tributário;1.612.736;9788545006787;;;Livro;DL;27/12/2021
A coroa e a esfera;1.612.679;9788547326807;;;Livro;DL;15/12/2021
A cura do corpo, da cidade e da alma;1.612.707;9788593123436;;;Livro;DL;27/12/2021
A descoberta do flow na educação;1.612.678;9788547327767;;;Livro;DL;15/12/2021
A distância até a cerejeira;1.612.654;9788542216660;;;Livro;DL;15/12/2021
A distinção do autismo;1.612.537;9788566786637;;;Livro;DL;07/12/2021
A divina comédia humana;1.612.404;9788553800667;;;Livro;DL;06/12/2021
A dobradura do samurai;1.612.884;9788516118860;2. ed. rev.;;Livro;DL;29/12/2021
A erradicação da pobreza;1.612.809;9788551912973;;;Livro;DL;29/12/2021
A família O'Brien;1.612.430;9788595084414;;;Livro;DL;06/12/2021
A festa das borboletas =;1.612.816;9788540027763;;;Livro;DL;29/12/2021
A filosofia política de Edmund Burke;1.612.331;9788580333688;;;Livro;DL;03/12/2021
A flor que dançava;1.612.297;9788567202105;1. ed.;;Livro;DL;01/12/2021
A formação da personalidade do adolescente;1.612.464;9788580092714;;;Livro;DL;06/12/2021
A história (quase) secreta;1.612.750;9788593123320;;;Livro;DL;27/12/2021
A honra enquanto bem jurídico;1.612.810;9788551911839;;;Livro;DL;29/12/2021
A língua romena;1.612.670;9788542013948;;;Livro;DL;15/12/2021
A luta por moradia popular em São Luís do Maranhão;1.612.316;9788578628628;;;Livro;DL;03/12/2021
A menina muquerela;1.612.849;9788555362965;;;Livro;DL;29/12/2021
A menina que amava futebol;1.612.883;9788516118808;2. ed. rev.;;Livro;DL;29/12/2021
A metafísica da pessoa;1.612.821;9788555800597;;;Livro;DL;29/12/2021
A metafísica do ser primordial;1.612.665;9788515045785;;;Livro;DL;15/12/2021
A metáfora cotidiana da língua brasileira de sinais;1.612.859;9788547315498;;;Livro;DL;29/12/2021
"A misericórdia de Deus através de Maria ""mãe de Jesus""";1.612.805;9788540027824;;;Livro;DL;29/12/2021
A missionariedade;1.612.866;9788515046058;;;Livro;DL;29/12/2021
A morte da verdade;1.612.783;9788551003640;;;Livro;DL;27/12/2021
A mulher de branco;1.612.758;9788566549713;;;Livro;DL;27/12/2021
A mulher que perdeu a fé;60079;;;;Livro;;13/12/2021
A música e o inefável;1.612.822;9788527311403;;;Livro;DL;29/12/2021
A nação em perigo;1.612.496;9788540027473;;;Livro;DL;06/12/2021
A nova vida do senhor Rutin;1.612.694;9788555361203;;;Livro;DL;15/12/2021
A ordem do dia;1.612.793;9788542216912;;;Livro;DL;27/12/2021
A outra face da inclusão;1.612.677;9788547328573;;;Livro;DL;15/12/2021
A passagem da onça;1.612.525;9788540022652;3. ed.;;Livro;DL;07/12/2021
A pastoral numa igreja em saída;1.612.498;9788515045198;;;Livro;DL;06/12/2021
A perversão e a psicanálise;1.612.683; 9788594347176;;;Livro;DL;15/12/2021
A prática das intervenções psicoterápicas;1.612.384;9788595011182;;;Livro;DL;03/12/2021
A prática de quarteto de cordas;1.612.684;9788553700967;;;Livro;DL;15/12/2021
A questão negra;1.612.655;9788553700028;;;Livro;DL;15/12/2021
A retornada;1.612.502;9788566786569;1. reimpr.;;Livro;DL;07/12/2021
A roda da vida;1.612.365;9788578887407;;;Livro;DL;03/12/2021
A sola dos pés respira melhor quando toca o solo;1.612.839;9788563612564;;;Livro;DL;29/12/2021
A Suíça brasileira não é aqui;1.612.776;9788593123313;;;Livro;DL;27/12/2021
A sutil arte de ligar o foda-se;1.612.870;9788551004333;2. ed.;;Livro;DL;29/12/2021
A terra inabitável;1.612.522;9788535932393;;;Livro;DL;07/12/2021
A transexualidade sob a ótica dos direitos humanos;1.612.597;9788520508107;;;Livro;DL;07/12/2021
A utopia da ressocialização ante as mazelas do sistema carcerário;1.612.415;9788551911228;;;Livro;DL;06/12/2021
Adapta;1.612.432;9788542013863;;;Livro;DL;06/12/2021
Água ou testamento lírico a dias escassos;1.612.444;9788542014297;;;Livro;DL;06/12/2021
Ah, se eu pudesse falar!;1.612.878;9788516114626;1. ed.;;Livro;DL;29/12/2021
Ainda sou eu;1.612.869;9788551003718;2. ed.;;Livro;DL;29/12/2021
Álbum do Rio de Janeiro Moderno;395.084;;;;Livro;AA;01/04/2021
Alfabeto ecológico;1.612.889;9788554885120;;;Livro;DL;29/12/2021
Aliança de casamento;1.612.764;9788542216431;;;Livro;DL;27/12/2021
Almanaque do jovem empreendedor;1.612.648;9788516117245;1. ed.;;Livro;DL;09/12/2021
Alquimia da alma;1.612.618;9788572140096;;;Livro;DL;09/12/2021
Amar a vida, desejar a felicidade;1.612.652;9788515045792;;;Livro;DL;15/12/2021
Amigos para sempre?;1.612.819;9788568925874;1. ed.;;Livro;DL;29/12/2021
Amor passageiro;1.612.469;9788566887495;;;Livro;DL;06/12/2021
Amor pelas imperfeições;1.612.782;9788543107226;;;Livro;DL;27/12/2021
Analítica da midiatização esportiva;1.612.731;9788547328603;;;Livro;DL;27/12/2021
Anarquistas cósmicos;1.612.543;9788562109317;1. ed.;;Livro;DL;07/12/2021
Animais e fronteiras;1.612.704;9788547322779;;;Livro;DL;27/12/2021
Aprendizagem conceitual na educação pré-escolar;1.612.658;9788547323585;;;Livro;DL;15/12/2021
Ar condicionado;1.612.760;9788595710382;;;Livro;DL;27/12/2021
Arqueologias do fantasma;1.612.504;9788566786620;;;Livro;DL;07/12/2021
Arquitetura de interiores ilustrada;1.612.285;9788582605158;;;Livro;DL;01/12/2021
Arquitetura moderna brasileira;1.612.349;9788531417290;;;Livro;DL;03/12/2021
Arte e cultura;1.612.831;9788555910814;;;Livro;DL;29/12/2021
As 100 melhores histórias da Bíblia;1.612.540;9788531115417;;;Livro;DL;07/12/2021
As alegrias da maternidade;1.612.284;9788583181101;2. ed., 3. impr.;;Livro;DL;01/12/2021
As coisas que você só vê quando desacelera;1.612.779;9788543107615;;;Livro;DL;27/12/2021
As desordens da vida;1.612.835;9788520508435;;;Livro;DL;29/12/2021
As escolhas de Rafael;1.612.692;9788555362392;;;Livro;DL;15/12/2021
As leis da medicina;1.612.842;9788578815806;;;Livro;DL;29/12/2021
As sombras do cristal encantado;1.612.651;9788542216929;;;Livro;DL;15/12/2021
Asas sem rumo;1.612.603;9788540028036;;;Livro;DL;09/12/2021
Assistência social, educação e governamentalidade neoliberal;1.612.662;9788547315450;;;Livro;DL;15/12/2021
Até quando!;1.612.313;9788542014051;;;Livro;DL;03/12/2021
Atendimento domiciliar;1.612.272;9788580192049;;;Livro;DL;01/12/2021
Atitude mental positiva;1.612.759;9788568014059;;;Livro;DL;27/12/2021
Audiência pública e processo democrático;1.612.813;9788551911426;;;Livro;DL;29/12/2021
Avaliação psicológica;1.612.351;9788595011175;;;Livro;DL;03/12/2021
Aventuras da menina lilás;1.612.304;9788520507988;;;Livro;DL;03/12/2021
Barbearia profissional;1.612.257;9788593138003;;;Livro;DL;01/12/2021
Bem-vindos à fazenda;1.612.867;9788574126012;;;Livro;DL;29/12/2021
Bianca e as letrinhas;1.612.632;9788594170491;1. ed.;;Livro;DL;09/12/2021
Big data;1.612.260;9788551912225;2. ed.;;Livro;DL;01/12/2021
Bioescritas/Biopoéticas;1.612.774;9788520507834;;;Livro;DL;27/12/2021
Botticelli.-;59826;;;;Livro;;17/01/2021
Brasil, a reconstrução;1.612.823;9788520508084;;;Livro;DL;29/12/2021
Brasília ainda chora;1.612.306;9788557860001;;;Livro;DL;03/12/2021
Breviário amoroso de Sóror Beatriz;1.612.281;9788582977491;;;Livro;DL;01/12/2021
Buriti plus ciências;1.612.566;9788516119102;1. ed.;5;Livro;DL;07/12/2021
Buriti plus geografia;1.612.562;9788516117481;1. ed.;5;Livro;DL;07/12/2021
Buriti plus história;1.612.551;9788516117566;1. ed.;2;Livro;DL;07/12/2021
Cães e gatos;1.612.697;9788542216806;;;Livro;DL;15/12/2021
Café com saudades;1.612.477;9788542013931;;;Livro;DL;06/12/2021
Cantilenas;1.612.621;9788569062882;1. ed.;;Livro;DL;09/12/2021
Cartas a um jovem terapeuta;1.612.836;9788542216585;Ed. rev. e ampl., com novas cartas.;;Livro;DL;29/12/2021
Carteira de serviços da atenção primária à saúde;1.612.289;9788580092677;;;Livro;DL;01/12/2021
Celebrando as exéquias;1.612.445;9788542014549;;;Livro;DL;06/12/2021
Centro de Mídia Independente;1.612.761;9788547331061;;;Livro;DL;27/12/2021
Chá das fadas;1.612.386;9788561749606;;;Livro;DL;03/12/2021
Chão dos lobos;1.612.661;9788593600203;2. ed.;;Livro;DL;15/12/2021
Chega de plástico;1.612.781;9788543106892;;;Livro;DL;27/12/2021
Chuvas de bênçãos;1.612.640;9788580642209;1. ed.;;Livro;DL;09/12/2021
Ciclo de vida da mulher;1.612.352;9788564468474;;;Livro;DL;03/12/2021
Ciclos de manutenção em terapia cognitivo-comportamental;1.612.375;9788595010857;;;Livro;DL;03/12/2021
Cidadã de segunda classe;1.612.269;9788583181118;2. impr.;;Livro;DL;01/12/2021
Cidade da Victoria, capital da provincia do Espirito Santo;1.231.173;;;;Gravura;;12/03/2021
Cidades musicais;1.612.824;9788520508121;;;Livro;DL;29/12/2021
Cinema e história;1.612.769;9788520507995;;;Livro;DL;27/12/2021
Cirandar;1.612.442;9788575665619;;;Livro;DL;06/12/2021
Clássicos esportivos;1.612.534;9788578815714;;;Livro;DL;07/12/2021
Classificação, seriação e contagem no ensino do número;1.612.520;9788560810000;;;Livro;DL;07/12/2021
Coisas da infância;1.612.748;9788540017481;;;Livro;DL;27/12/2021
Colaboração premiada e a busca da verdade real;1.612.483;9788540027381;;;Livro;DL;06/12/2021
Com amor, Janis;1.612.322;9788581744889;;;Livro;DL;03/12/2021
Comentários à Lei n. 13.655/2018;1.612.323;9788551913680;;;Livro;DL;03/12/2021
Como aprendi a pensar;1.612.596;9788542216578;;;Livro;DL;07/12/2021
Como Deus se tornou rei;1.612.792;9788571670389;;;Livro;DL;27/12/2021
Como não ser enganado pelas fake news;1.612.649;9788516118075;1. ed.;;Livro;DL;09/12/2021
Como passar em concursos de procuradorias e advocacia estatal;1.612.738;9788582423943;4. ed.;;Livro;DL;27/12/2021
Como se fosse de argila;1.612.336;9788594137494;;;Livro;DL;03/12/2021
Como ser babá da vovó;1.612.875;9788574068626;;;Livro;DL;29/12/2021
Comunicação e discursividade;1.612.368;9788540027633;;;Livro;DL;03/12/2021
Conciliação e mediação pela administração pública;1.612.814;9788551913291;;;Livro;DL;29/12/2021
Confaloni no presente;1.612.635;9788540027879;;;Livro;DL;09/12/2021
Confessar sem medo;1.612.488;9788534950053;;;Livro;DL;06/12/2021
Conhecendo nossas origens;1.612.420;9788542014143;;;Livro;DL;06/12/2021
Conservadorismos, direitas e autoritarismos contemporâneos;1.612.827;9788593123375;;;Livro;DL;29/12/2021
Contos de Natal;1.612.837;9788566382235;;;Livro;DL;29/12/2021
Contos de reis e rainhas;1.612.545;9788580092653;;;Livro;DL;07/12/2021
Contos e recontos;1.612.633;9788594170002;3. ed.;;Livro;DL;09/12/2021
Contos provincianos e crônicas;1.612.705;9788547328863;;;Livro;DL;27/12/2021
Contra as expectativas;1.612.529;9788534527088;;;Livro;DL;07/12/2021
Corcel;1.612.533;9788578815349;;;Livro;DL;07/12/2021
Corpos e a produção sensível;1.612.858;9788593869426;;;Livro;DL;29/12/2021
Crimes aeronáuticos;1.612.347;9788584407910;3. ed. atual. e ampl., 4. tir.;;Livro;DL;03/12/2021
Cristianismo;1.612.453;9788550340018;;;Livro;DL;06/12/2021
Crônicas da Barraria;1.612.510;9788540023871;;;Livro;DL;07/12/2021
Crônicas do cinematógrafo;1.612.490;9788566786668;;;Livro;DL;06/12/2021
Crônicas espaciais;1.612.777;9788542216608;;;Livro;DL;27/12/2021
Cruviana;1.612.517;9788540027466;;;Livro;DL;07/12/2021
Da filosofia da história à sociologia histórica;1.612.302;9788566786415;;;Livro;DL;03/12/2021
Da lama ao caos;1.612.401;9788555910883;;;Livro;DL;06/12/2021
Daisy Jones & The Six;1.612.422;9788584391400;;;Livro;DL;06/12/2021
Danos causados por fugitivos do sistema prisional;1.612.806;9788551911877;;;Livro;DL;29/12/2021
Dê tempo ao tempo;1.612.798;9788542216639;;;Livro;DL;27/12/2021
De um gole só;1.612.418;9788582850893;;;Livro;DL;06/12/2021
Declamação estival;1.612.435;9786590081704;;;Livro;DL;06/12/2021
Deleites poéticos;1.612.611;9788572140089;;;Livro;DL;09/12/2021
Delicadezas;1.612.251;9788571050433;1. ed.;;Livro;DL;01/12/2021
Democracia brasileira em foco;1.612.708;9788593123412;;;Livro;DL;27/12/2021
Democracia e participação política;1.612.377;9788551913840;;;Livro;DL;03/12/2021
Derrote Mamom;1.612.719;9788577080991;2. ed., 4. reimpr.;;Livro;DL;27/12/2021
Desenhos do tempo;1.612.451;9786550340025;2. ed.;;Livro;DL;06/12/2021
Desestrangeirizar a língua inglesa;1.612.315;9788559711028;;;Livro;DL;03/12/2021
Desfolhando aldravias;1.612.345;9788540027404;;;Livro;DL;03/12/2021
Design de identidade da marca;1.612.286;9788582605134;;;Livro;DL;01/12/2021
Destinos invisíveis;1.612.592;9788563144591;1. ed.;;Livro;DL;07/12/2021
Deus ama as mulheres?;1.612.459;9788515045914;;;Livro;DL;06/12/2021
Diagnósticos de enfermagem;1.612.268;9788582714935;;;Livro;DL;01/12/2021
Diário da escola de assombrações;1.612.880;9788572580281;;;Livro;DL;29/12/2021
Diário de um garoto;1.612.539;9788540027275;;;Livro;DL;07/12/2021
Dicionário da língua popular regional do Araguaia;1.612.528;9788540027091;;;Livro;DL;07/12/2021
Direito administrativo de polícia judiciária;1.612.409;9788545006183;;;Livro;DL;06/12/2021
Direito do agronegócio;1.612.527;;;;Livro;DL;07/12/2021
Direito do trabalho e processo do trabalho;1.612.290;9788536199702;2. ed.;;Livro;DL;01/12/2021
Direito e literatura contra o racismo;1.612.326;9788566786781;;;Livro;DL;03/12/2021
Direito fundamental à memória e ao esquecimento;1.612.282;9788551913598;;;Livro;DL;01/12/2021
Direito imobiliário;1.612.739;9788577894550;2. ed. rev., atual. e ampl.;;Livro;DL;27/12/2021
Direito processual do trabalho;1.612.746;9788536199603;;;Livro;DL;27/12/2021
Direitos à integridade;1.612.335;9786580249008;;;Livro;DL;03/12/2021
Direitos fundamentais e direito internacional;1.612.851;9788593869549;;;Livro;DL;29/12/2021
Diretrizes para o kosen-rufu, vitória e felicidade;1.612.424;9788582520635;;;Livro;DL;06/12/2021
Discurso pronunciado pelo presidente da Sociedade Beneficencia Musical, no dia 10 de julho de 1834, por occasião da posse da nova administração;60082;;;;Livro;;13/12/2021
Ditadura no Brasil e censura nas canções de Rita Lee;1.612.685;9788547330330;;;Livro;DL;15/12/2021
Dízimo e a semente;1.612.492;9788540027756;;;Livro;DL;06/12/2021
DNA;1.612.890;9788594137500;;;Livro;DL;29/12/2021
Do Ainhum, algumas considerações sobre esta molestia a proposito de um caso communicado à Academia Imperial de Medicina do Rio de Janeiro pelo;60087;;;;Livro;;22/12/2021
Do canto ao canto;1.612.454;9788542013924;;;Livro;DL;06/12/2021
Do deserto ao destino;1.612.538;9788540027749;;;Livro;DL;07/12/2021
Documentos sobre terras em Caldas do Cubatão (Santo Amaro da Imperatriz, SC), defesa e recursos da capitania;1749224;;;;Documento textual;;20/12/2021
Dordocéu;1.612.892;9788540027213;2. ed.;;Livro;DL;29/12/2021
Ecochefs;1.612.450;9788577564545;;;Livro;DL;06/12/2021
Ecos terrestres do sul;1.612.280;9788575665640;2. ed., rev.;;Livro;DL;01/12/2021
Édipo;1.612.717;;;;Livro;DL;27/12/2021
Educação e desenvolvimento local;1.612.675;9788547332389;;;Livro;DL;15/12/2021
Educação emocional positiva;1.612.364;9788564468481;Ed., rev. e ampl.;;Livro;DL;03/12/2021
Educação física, esporte e queer;1.612.799;9788547328634;;;Livro;DL;27/12/2021
Efeitos biológicos do exercício aeróbico sobre o organismo humano de pessoas sedentárias de mais de trinta anos;1.612.487;9788580092707;;;Livro;DL;06/12/2021
Ei, desconecta!;1.612.848;9788555362972;;;Livro;DL;29/12/2021
Ela não é mulher pra casar;1.612.264;9788567147284;;;Livro;DL;01/12/2021
Ela prefere finais felizes;1.612.795;9788542216455;;;Livro;DL;27/12/2021
Electrificação da E. de F. Central do Brasil;121.696;;;;Livro;;30/12/2021
Empresário imobiliário em Fortaleza;1.612.818;9788551911778;;;Livro;DL;29/12/2021
Enciclopédia da mulher e da Família;413.612;;;12;Livro;CL;27/12/2021
Endocrinologia resumida;1.612.591;9788540026506;;;Livro;DL;07/12/2021
Enigma da mente;1.612.341;9788540025066;;;Livro;DL;03/12/2021
Entre o rumor e o silêncio;1.612.452;9788542013986;;;Livro;DL;06/12/2021
Entre risos e lágrimas;1.612.609;9788540028104;;;Livro;DL;09/12/2021
Entre sonhos e realidade;1.612.624;9788569062981;;;Livro;DL;09/12/2021
Entre sonhos e tempestades;1.612.882;9788574068343;;;Livro;DL;29/12/2021
Entre telas manchadas e imaculadas;1.612.832;9788593123337;;;Livro;DL;29/12/2021
EntreMeios;1.612.262;9788566887464;;;Livro;DL;01/12/2021
Escritos de direitos fundamentais;1.612.741;9788593869303;;;Livro;DL;27/12/2021
Esperando em Deus;1.612.604;9788540026995;;;Livro;DL;09/12/2021
Espírito, perispírito e alma;1.612.728;9788576580935;5. ed.;;Livro;DL;27/12/2021
Espiritualidade e diálogo;1.612.775;9788593123399;;;Livro;DL;27/12/2021
Estado constitucional;1.612.767;9788593869464;;;Livro;DL;27/12/2021
Estou professor e agora?;1.612.485;9788540026872;;;Livro;DL;06/12/2021
Estudos avançados em arquivologia;1.612.325;9788579832666;;;Livro;DL;03/12/2021
Estudos em comemoração aos 70 anos da Declaração Universal dos Direitos Humanos;1.612.789;9788594116581;;;Livro;DL;27/12/2021
Ética;1.612.266;9788561484460;3. ed.;;Livro;DL;01/12/2021
Ética, democracia e direitos humanos;1.612.598;9788520507742;;;Livro;DL;07/12/2021
Eu nunca fui ao Brasil;1.612.301;9788566786897;;;Livro;DL;03/12/2021
Eu sou dinamite!;1.612.676;9788542216448;;;Livro;DL;15/12/2021
Eugenia e medicina social (problemas da vida);60074;;;;Livro;;13/12/2021
Experiências metodológicas em textualidades midiáticas;1.612.329;9788566786903;;;Livro;DL;03/12/2021
Experimentais;1.612.634;9788566382211;;;Livro;DL;09/12/2021
Exposição de adolescentes acusados de atos infracionais no espaço cibernético;1.612.408;9788551913376;;;Livro;DL;06/12/2021
Faces do sexual;1.612.700;9788594347206;;;Livro;DL;15/12/2021
Fada demônio;1.612.546;9788580092691;;;Livro;DL;07/12/2021
Faísca cabelo de fogo coração de ouro;1.612.460;9788555362378;;;Livro;DL;06/12/2021
Fala comigo, Jesus;1.612.784;9788580642315;1. ed.;;Livro;DL;27/12/2021
Fala comigo, Jesus;1.612.642;9788580642292;1. ed.;;Livro;DL;09/12/2021
Família;1.612.288;9788598558974;;;Livro;DL;01/12/2021
Família de Gentil Ferreira Lima;1.612.664;9788542014020;;;Livro;DL;15/12/2021
Fatos e fantasias;1.612.500;9788540027244;;;Livro;DL;06/12/2021
Felicidade;1.612.356;9788542216813;;;Livro;DL;03/12/2021
Fenomenologia, análise e gramática;1.612.383;9788568259153;;;Livro;DL;03/12/2021
Feynman;1.612.300;9788582605004;;3;Livro;DL;01/12/2021
Fica comigo, Jesus;1.612.643;9788580642216;1. ed.;;Livro;DL;09/12/2021
Fiebre negra;1.612.830;9788593123351;;;Livro;DL;29/12/2021
Flamas do amor;60078;;;;Livro;;13/12/2021
Formação docente;1.612.771;9788547328320;;;Livro;DL;27/12/2021
Formação e prática da enfermeira;1.612.672;9788547328856;;;Livro;DL;15/12/2021
Formação pessoal e profissional do professor à luz da psicomotricidade relacional;1.612.862;9788547322601;;;Livro;DL;29/12/2021
Frei Confaloni, via-sacra;1.612.549;9788540027558;;;Livro;DL;07/12/2021
Fuja sem olhar para trás;1.612.802;9788555361234;;;Livro;DL;29/12/2021
Gambiarra;1.612.843;9788571050235;;;Livro;DL;29/12/2021
Ganância;1.612.406;9788555340864;;;Livro;DL;06/12/2021
Gestão humanizada;1.612.513;9788569062837;3. ed.;;Livro;DL;07/12/2021
Gilberto Calungueiro;1.612.438;9788542014471;;;Livro;DL;06/12/2021
Grande dizionario enciclopedico;391.562;;2. ed. interamente riv. e accresciuta;12;Livro;D;15/12/2021
"Guia topológico para ""O aturdito"", um abuso imaginário e seu além";1.612.699;9788594347213;;;Livro;DL;15/12/2021
Hannah Arendt pensando a educação;1.612.505;9788540027817;;;Livro;DL;07/12/2021
Haverá festa com o que restar;1.612.273;9788569433927;1. ed.;;Livro;DL;01/12/2021
História;1.612.579;9788516116507;1. ed.;6;Livro;DL;07/12/2021
História das idéias políticas;1.612.340;9788580333558;;;Livro;;03/12/2021
História de Goiânia para escolas;1.612.343;9788540026094;;;Livro;DL;03/12/2021
História do Acre;1.612.253;9788592286705;;;Livro;DL;01/12/2021
História e geografia de Pernambuco;1.612.389;9788516099312;1. ed.;;Livro;DL;03/12/2021
História e geografia do Estado de São Paulo;1.612.387;9788516098438;1. ed.;;Livro;DL;03/12/2021
História e geografia do Estado do Rio de Janeiro;1.612.390;9788516098452;1. ed.;;Livro;DL;03/12/2021
História geral de Lavras;1.612.852;9788591136858;;;Livro;DL;29/12/2021
História global da arquitetura;1.612.267;9788582605110;;;Livro;DL;01/12/2021
História universal freak;1.612.766;9788542216028;;;Livro;DL;27/12/2021
Homens que caem;1.612.423;9788555910890;;;Livro;DL;06/12/2021
Ho'oponopono para todos os dias;1.612.780;9788543106267;;;Livro;DL;27/12/2021
Hotel dos bothos;1.612.721;9788542013955;;;Livro;DL;27/12/2021
Imagens do fora;1.612.702;;;;Livro;DL;27/12/2021
Impacto e contribuições da inteligencia emocional na qualidade de vida;1.612.587;9788540021990;2. ed.;;Livro;DL;07/12/2021
Impérios;1.612.796;9788542216004;;;Livro;DL;27/12/2021
Imprensa feminista no Brasil;1.612.668;9788553701094;;;Livro;DL;15/12/2021
Incidente de resolução de demandas repetitivas;1.612.695;9788551912874;;;Livro;DL;15/12/2021
Inconfidências metapsicológicas;1.612.481;9788520508428;;;Livro;DL;06/12/2021
Inquérito policial;1.611.991;9788536289564;2. ed. rev. e atual.;;Livro;DL;30/11/2021
Instituto Federal;1.612.337;9788594137593;;;Livro;DL;03/12/2021
Interfaces entre tecnologias, trabaho e educação;1.612.729;9788553111527;1. ed.;;Livro;DL;27/12/2021
Intersetorialidade e redes;1.612.723;9788587740922;;;Livro;DL;27/12/2021
Intervenção precoce;1.612.888;9788547328412;;;Livro;DL;29/12/2021
Introdução à sociologia dos esportes;1743076;;;;Documento textual;;08/12/2021
Introduções a metafísica;1.612.825;9788536658407;;;Livro;DL;29/12/2021
Ismail Xavier;1.612.265;9788594931856;;;Livro;DL;01/12/2021
Isócrates e Nietzsche;1.612.530;9788534949958;;;Livro;DL;07/12/2021
Ius commune;1.612.811;9788551913222;;;Livro;DL;29/12/2021
Jesus de Nazaré;1.612.467;9788569062820;;;Livro;DL;06/12/2021
Jônatas;1.612.607;9788540026902;;;Livro;DL;09/12/2021
Jornalismo em tempo de transformação;1.612.788;;;;Livro;DL;27/12/2021
José Maurício Nunes Garcia;1.612.743;9788533307889;2. ed.;;Livro;DL;27/12/2021
Jovem escritor;1.612.518;9788572140263;;;Livro;DL;07/12/2021
Jurisdição constitucional;1.612.379;9788551906675;;;Livro;DL;03/12/2021
Justiça curricular e suas imagens;1.612.713;;;;Livro;DL;27/12/2021
Kalimera;1.612.419;9788567049984;;;Livro;DL;06/12/2021
La descripción archivística en los tiempos posmodernos;1.612.319;9788579837760;;;Livro;DL;03/12/2021
Lacan, leitor de Joyce;1.612.698;9788594347091;;;Livro;DL;15/12/2021
Laços possíveis;1.612.362;9788594347121;;;Livro;DL;03/12/2021
Lagoa encantada;1.612.472;9788540027367;;;Livro;DL;06/12/2021
Leis da provincia do Espirito-Santo contendo as Leis da Assembléa Legislativa da Sessão ordinaria de 1871. Tomo XXXV;60073;;;;Livro;;13/12/2021
Lendo o evangelho segundo Matheus;1.612.470;9788534950121;;;Livro;DL;06/12/2021
Leonardo da Vinci e sua época;1.612.879;9788516113391;1. ed.;;Livro;DL;29/12/2021
Léxico em foco;1.612.463;9788572490177;;;Livro;DL;06/12/2021
Liberdade, felicidade & foda-se!;1.612.600;9788542215830;;;Livro;DL;07/12/2021
Limite;1.612.327;9788580062748;;;Livro;DL;03/12/2021
Limites e restrições à liberdade profissional no âmbito da Administração Pública;1.612.815;9788551912966;;;Livro;DL;28/12/2021
Língua inglesa;1.612.673;9788547327958;;;Livro;DL;15/12/2021
Linha de instabilidade;1.612.271;9788571050204;1. ed.;;Livro;DL;01/12/2021
Livro 43 de registro de processos da Secretaria do Conselho Supremo Militar de Justiça;1.612.295;;;5;Livro;DL;01/12/2021
Livro de atividades;1.612.294;9788567202013;1. ed.;;Livro;DL;01/12/2021
Livro do chefe de familia. Árvore genealogica, memorial inteimo de factos e datas notaveis na vida da familia, registro individual e archivo genealogico;60075;;;1;Livro;;13/12/2021
Lords;1.612.473;9788540026568;;;Livro;DL;06/12/2021
Luna em- eu quero saber!;1.612.647;9788516113919;1. ed.;;Livro;DL;09/12/2021
Luta e ascensão;1.612.532;9788540027671;;;Livro;DL;07/12/2021
Luz própria;1.612.333;9788581744926;;;Livro;DL;03/12/2021
Madelin Finn e os cães do abrigo;1.612.650;9788516117979;1. ed.;;Livro;DL;09/12/2021
Mais escuro;1.612.868;9788551003701;2. ed.;;Livro;DL;29/12/2021
Manifestações poéticas da alma;1.612.495;9788540027510;;;Livro;DL;06/12/2021
Manoel de Barros e a poesia cínica;1.612.503;9788566786934;;;Livro;DL;07/12/2021
Mantenha o ottimismo;1.612.308;9788540027428;;;Livro;DL;03/12/2021
Manual bíblico ilustrado;1.612.332;9788531116087;[Ed. rev. e ampl.].;;Livro;DL;03/12/2021
Manual da separação;1.612.833;9788520508251;;;Livro;DL;29/12/2021
Manual de direito penal;1.612.740;9788582423899;;;Livro;DL;27/12/2021
Manual de operações societárias;1.612.413;9788551912645;;;Livro;DL;06/12/2021
Mapa de ideias;1.612.287;9788564607217;1. ed.;;Livro;DL;01/12/2021
Mappa do Rio Grande do Sul;176.810;;;;Mapa;AA;19/02/2021
Maratona de dramaturgia;1.612.804;9788555910791;;;Livro;DL;29/12/2021
Maria desatadora dos nós;1.609.706;9788527615112;3. ed.;;Livro;DL;19/02/2021
Maria, mãe da poesia;1.612.421;9788542014242;;;Livro;DL;06/12/2021
Marxismo e revolução cultural no Brasil;1.612.371;9788540027060;;;Livro;DL;03/12/2021
Maternidade atrás das grades;1.612.807;9788551913512;;;Livro;DL;29/12/2021
Mediações culturais e ressignificações simbólicas na cultura contemporânea;1.612.318;9788572490122;;;Livro;DL;03/12/2021
Meditação é mais do que você pensa;1.612.361;9788542216424;;;Livro;DL;03/12/2021
Mediumship;1.612.509;9788542014075;;;Livro;DL;07/12/2021
Meios e audiências III;1.612.846;9788520507889;;;Livro;DL;29/12/2021
Memória e promessa;1.612.312;9788520508206;;;Livro;DL;03/12/2021
Memórias de Eulália;1.612.895;9788540028395;;;Livro;DL;29/12/2021
Mentalidade vencedora;1.612.427;9788569434290;;;Livro;DL;06/12/2021
Mente limpa;1.612.595;9788542216622;;;Livro;DL;07/12/2021
Mentira;1.612.801;9788555361241;;;Livro;DL;29/12/2021
Metapesquisa em comunicação;1.612.756;9788520508152;;;Livro;DL;27/12/2021
Meu amor por ela;1.612.461;9788569062974;1. ed.;;Livro;DL;06/12/2021
Meu pé de jabuticaba;1.612.765;9788542215977;;;Livro;DL;27/12/2021
Meus contos;1.612.619;9788572140195;Ed. de ouro.;;Livro;DL;09/12/2021
Mgkai, o estrangeiro;1.612.850;9788555360800;;;Livro;DL;29/12/2021
Migrantes nordestinos na literatura brasileira;1.612.755;9788547319649;;;Livro;DL;27/12/2021
Mineiros;1.612.646;9788540027497;;;Livro;DL;09/11/2021
Minha família Enauenê;1.612.881;9788596016513;1. ed.;;Livro;DL;29/12/2021
Minha vida;1.612.588;9788540028210;;;Livro;DL;07/12/2021
Misão de S. Migl;1.033.420n.11;;;;Livro;AA;28/01/2021
Mito e magia na arte catarinense;1725131;;;;Documento textual;;08/12/2021
Modelo teórico das relações entre arte e sociedade;1728061;;;;Documento textual;;08/12/2021
Morrinhos;1.612.515;9788540020368;;;Livro;DL;07/12/2021
Morte às seis e vinte e cinco;1.612.778;9788555361227;;;Livro;DL;27/12/2021
Musica ficta (figuras de Wagner);1.612.278;9788566786439;;;Livro;DL;01/12/2021
Na terra do Dino Dauro;1.612.891;9788587740823;;;Livro;DL;29/12/2021
Nadar é fácil;1.612.275;9788580191578;;;Livro;DL;01/12/2021
Não é tão fácil ser criança!;1.612.693;9788555361197;;;Livro;DL;15/12/2021
Não me julgue pela capa;1.612.367;9788542216875;;;Livro;DL;03/12/2021
Não se esqueça de viver;1.612.491;9788580333473;;;Livro;DL;06/12/2021
Narrativas do eu;1.612.715;9788520508398;;;Livro;DL;27/12/2021
Nas curvas do tempo;1.612.680;9788547326951;;;Livro;DL;15/12/2021
Nas pegadas das estações;1.612.606;9788540028180;;;Livro;DL;09/12/2021
Naturalmente bruxa;1.612.357;9788542216646;;;Livro;DL;03/12/2021
Natureza e saúde;1.612.370;9788540028074;;;Livro;DL;03/12/2021
Nightflyers;1.612.524;9788556510815;;;Livro;DL;07/12/2021
Níveis de funcionamento dos conhecimentos;1.612.753;9788547331948;;;Livro;DL;27/12/2021
No luar do sertão;1.612.426;9788542014334;;;Livro;DL;06/12/2021
Nori e eu;1.612.871;9788546902590;;;Livro;DL;29/12/2021
Nossa Senhora de todos os nomes;1.612.900;9788534950046;2. ed.;;Livro;DL;29/12/2021
Nossos versos- nossas prosas-;1.612.478;9788540027787;;;Livro;DL;16/12/2021
Notações de um percurso pessoal e acadêmico;1.612.310;9788542014006;;;Livro;DL;03/12/2021
Nova revolução humana;1.612.411;9788582520598;;;Livro;DL;06/12/2021
Nova revolução humana;1.612.412;9788582520604;;;Livro;DL;06/12/2021
Nova revolução humana;1.612.410;9788582520628;;;Livro;DL;06/12/2021
"O ""outro"" sentido da arquitetura";1.612.817;9788540026704;;;Livro;DL;29/12/2021
O amor como revolução;1.612.405;9788547000837;;;Livro;DL;06/12/2021
O arrebatamento de Lacan;1.612.363;9788594347145;;;Livro;DL;03/12/2021
O atendimento educacional especializado (AEE) no Instituto Federal Farroupilha;1.612.615;9788547332631;;;Livro;DL;09/12/2021
O canto da siriema;1.612.507;9788540027732;;;Livro;DL;07/12/2021
O centro agroambiental do Tocantins (CAT);1.612.689;9788555075056;;;Livro;DL;15/12/2021
O coloquial na poética bandeiriana;1725115;;;;Documento textual;;08/12/2021
O contador de histórias;1727523;;;;Documento textual;;08/12/2021
O controle de contitucionalidade de leis penais no Brasil;1.612.737;9788545006794;;;Livro;DL;27/12/2021
O Deus que conheço;1.612.762;9788542216837;;;Livro;DL;27/12/2021
O direito e os direitos em tempos de crise;1.612.674;9788553700035;;;Livro;DL;15/12/2021
O enigma da prosperidade;1.612.484;9788540027534;;;Livro;DL;06/12/2021
O ensino de ciências e os jogos de linguagem;1.612.754;9788547326913;;;Livro;DL;27/12/2021
O espírito moderno;1723494;;;;Documento textual;;08/12/2021
O fantasma Beckett;1.612.314;9788520507896;;;Livro;DL;03/12/2021
O futuro da humanidade;1.612.734;9788542216677;;;Livro;DL;27/12/2021
O homem do pau mais bonito do mundo;1.612.637;9788542012415;;;Livro;DL;09/12/2021
O impacto do terrorismo na proteção conferida aos refugiados na União Europeia;1.612.261;9788551912256;;;Livro;DL;01/12/2021
O infeliz das costa oca;1.612.872;9788582976630;;;Livro;DL;29/12/2021
O infinito de Lótus;1.612.550;9786590024800;;;Livro;DL;07/12/2021
O livro de Isaías;1.612.682;9788515045716;;;Livro;DL;15/12/2021
O livro maldito;1.612.768;9788542216653;;;Livro;DL;27/12/2021
O meio ambiente sustentável da moda no Brasil e no mundo;1.612.808;9788551913529;;;Livro;DL;29/12/2021
O menino de calça curta;1.612.877;9788596012010;1. ed.;;Livro;DL;29/12/2021
O misterioso caso do menino que chora poemas;1.612.656;9788582976937;;;Livro;DL;15/12/2021
O modelo praxiológico e os desafios da pesquisa em comunicação;1.612.787;;;;Livro;DL;27/12/2021
O negro em folhas brancas;1.612.353;9788547330514;;;Livro;DL;03/12/2021
O ninguém;1.612.873;9788593695278;;;Livro;DL;29/12/2021
O norte agrário e o império:;1724704;;;;Documento textual;;08/12/2021
O novo padrão de contabilidade aplicado ao setor público;1.612.735;9788547330057;;;Livro;DL;27/12/2021
O óbvio também precisa ser dito;1.612.659;9788542216363;;;Livro;DL;15/12/2021
O ódio e a vingança;1.612.516;9788540028401;;;Livro;DL;07/12/2021
O oráculo da noite;1.612.417;9788535932171;;;Livro;DL;06/12/2021
O palhaço e o psicanalista;1.612.794;9788542215939;;;Livro;DL;27/12/2021
O pastor e os seus problemas;1.612.366;9789898953043;;;Livro;DL;03/12/2021
O pequizeiro do Tocantins;1.612.617;9788540027398;;;Livro;DL;09/12/2021
O pinguim que andou de bonde;1.612.874;;;;Livro;DL;29/12/2021
O poço dos desejos;1.612.894;9788590633150;5. ed.;;Livro;DL;29/12/2021
O positivismo no Brasil;1.612.511;9788542013887;;;Livro;DL;07/12/2021
O príncipe;1.612.626;9788569062912;2. ed.;;Livro;DL;09/12/2021
O princípio anticorrupção;1.612.376;9788551911419;;;Livro;DL;03/12/2021
O quarteto do Norte, o passado medieval;1.612.752;9788566549652;;;Livro;DL;27/12/2021
O que esse menino tem?;1.612.307;9788566786828;2. ed.;;Livro;DL;03/12/2021
O que eu faço com a saudade?;1.612.590;9788542216370;;;Livro;DL;07/12/2021
O que pode dar certo;1.612.256;9786590067203;;;Livro;DL;01/12/2021
O reformatório Nickel;1.612.431;9788595085497;;;Livro;DL;06/12/2021
O segredo da Constituição;1.612.292;9788567202280;;;Livro;DL;01/12/2021
O segredo de Frida Kahlo;1.612.797;9788542216462;2 ed.;;Livro;DL;27/12/2021
O segredo de ser você;1.612.355;9788542216899;;;Livro;DL;03/12/2021
O sétimo casarão;1.612.691;9788555362361;;;Livro;DL;15/12/2021
O seu primeiro milhão;1.612.358;9788542216981;[3. ed.].;;Livro;DL;03/12/2021
O soldado que não era;1723673;;;;Documento textual;;08/12/2021
O sumiço do xamã;1.612.629;9788569062899;1. ed.;;Livro;DL;09/12/2021
O tapete mágico;1721515;;;;Documento textual;;08/12/2021
O tesouro escondido;1.612.480;9788520508404;;;Livro;DL;06/12/2021
O trágico, o sublime e a melancolia;1.612.449;9788566786361;;2;Livro;DL;06/12/2021
O turismo internacional e o aspecto brasileiro;1919341;;;;Documento textual;;08/12/2021
O último sol do entardecer;1.612.468;9788540026858;;;Livro;DL;06/12/2021
O vai & vem da vida;1.612.631;9788540015241;;;Livro;DL;09/12/2021
O valor da letra e o sentido do número;1.612.669;9788532709066;1. ed.;;Livro;DL;15/12/2021
O vento virou a esquina...;1724711;;;;Documento textual;;08/12/2021
O verbo e o verso;1.612.613;9788553700714;;;Livro;DL;09/12/2021
O vizinho misterioso;1.612.803;9788555361210;;;Livro;DL;29/12/2021
Obra completa;1724929;;;;Documento textual;;08/12/2021
Obrigada, Jesus;1.612.639;9788580642346;1. ed.;;Livro;DL;09/12/2021
Ode que o socio honorarios ... recitou na Sociedade Beneficencia Musical por occasião da posse da nova junta reeleita no anno de 1834;60081;;;;Livro;;13/12/2021
Ofícios 5 maio 1859 a 28 nov. 1859, Rio de Janeiro, aos presidente e vice-presidente da província de Santa Catarina;1749257;;;;Documento textual;;20/12/2021
Olhai na névoa a solidão que sangra!;1.612.479;9788540027374;;;Livro;DL;06/12/2021
Olhares sensíveis;1.612.476;9788555079900;;;Livro;DL;06/12/2021
Onde está Deus?;1.612.471;9788534949743;;;Livro;DL;06/12/2021
Orelha lavada, infância roubada;1.612.457;9788555470660;;;Livro;DL;06/12/2021
Organizações sociais e paradigma gerencial;1.612.523;9788540026896;;;Livro;DL;07/12/2021
Os 40 ladrõe$ que existem em você;1.612.403;9788542014396;;;Livro;DL;06/12/2021
Os bordados de Marie & cia;1.612.388;9788561749613;;;Livro;DL;03/12/2021
Os castos e os gastos;1.612.718;9788553390830;;;Livro;DL;27/12/2021
Os cinco ipês-amarelos;1.612.535;9788593572777;;;Livro;DL;07/12/2021
Os devotos de São Sebastião da Pedreira;1.612.893;9788540024199;;;Livro;DL;29/12/2021
Os felizes;1.612.291;9788582662182;1. ed.;;Livro;DL;01/12/2021
Os intelectuais chineses e o regime maoísta;1.612.732;9788547318888;;;Livro;DL;27/12/2021
Os jogadores;1.612.360;9788542214598;;;Livro;DL;03/12/2021
Os milagres de Antônio Conselheiro;1.612.489;9788542013979;;;Livro;DL;06/12/2021
Os novos empreendedorez;1.612.730;9788567886282;;;Livro;DL;27/12/2021
Os Payayá no sertão das Jacobinas (1651-1706);1.612.687;9788555077746;;;Livro;DL;15/12/2021
Os planos de saúde sob a ótica constitucional;1.612.857;9788547314255;;;Livro;DL;29/12/2021
Os salmos dos cristãos;1.612.653;9788515045662;;;Livro;DL;15/12/2021
Os sertões;1.612.330;9788571260337;2. ed.;;Livro;DL;03/12/2021
Os tambores de São Luís;1.612.475;9788572750424;;2;Livro;DL;06/12/2021
Os ventos sopram do sul;1.612.381;9788535645347;;;Livro;DL;03/12/2021
Os verbos de padrão especial no português do século XVI;1.612.254;9788555920752;;;Livro;DL;01/12/2021
Os viajores;1.612.733;9788599818688;;;Livro;DL;27/12/2021
Otimização por enxame de partículas;1.612.628;9788594137548;;;Livro;DL;09/12/2021
P.S. de Paris;1.612.773;9788542216592;;;Livro;DL;27/12/2021
Palavra de papel;1.612.425;9788544432013;;;Livro;DL;06/12/2021
Palavras que não passam;1.612.440;9788542014495;;;Livro;DL;06/12/2021
Palma forrageira;1.612.860;9788547330590;;;Livro;DL;29/12/2021
Para dizer adeus;1.612.625;9788569062714;;;Livro;DL;09/12/2021
Para ler as parábolas;1.612.666;9788515045631;;;Livro;DL;15/12/2021
Parem as máquinas;1.612.599;9788520507902;;;Livro;DL;07/12/2021
Passageiro do instante;1.612.690;9788547330866;;;Livro;DL;15/12/2021
Passaporte para viajar mai$;1.612.305;9788566033106;;;Livro;DL;03/12/2021
Pau da mentira;1.612.506;9788540027411;;;Livro;DL;07/12/2021
Pensando o Direito;1.612.844;9788593869365;;;Livro;DL;29/12/2021
Pequena chuva de poemas;1.612.623;9788569062929;;;Livro;DL;09/12/2021
Pesquisa de marketing;1.612.259;9788582605097;;;Livro;DL;01/12/2021
Pesquisa e perspectivas de comunicação e informação;1.612.712;9788520508138;;;Livro;DL;27/12/2021
Pesquisa sobre família e infância no mundo contemporâneo;1.612.701;;;;Livro;DL;27/12/2021
Photographic souvenir;1.045.483;;;;Documento Fotográfico;AA;17/03/2021
Planejamento estratégico significativo;1.612.742;9788593869310;;;Livro;DL;27/12/2021
Planejamento para a compreensão;1.612.258;9788584291830;;;Livro;DL;01/12/2021
Plotino ou a simplicidade do olhar;1.612.486;9788580333404;;;Livro;DL;06/12/2021
Poematerapia;1.612.627;9788569062950;1. ed.;;Livro;DL;09/12/2021
Poesia premiada;1.612.519;9788572140249;;;Livro;DL;07/12/2021
Polarização política brasileira;1.612.641;9788536289595;;;Livro;DL;09/12/2021
Poldark;1.612.757;9788566549706;;;Livro;DL;27/12/2021
Política de indexação;1.612.348;9788579831997;;;Livro;DL;03/12/2021
Política de indexação para bibliotecas;1.612.317;9788579838163;;;Livro;DL;03/12/2021
Política sexual;1.612.446;9788566786477;;;Livro;DL;06/12/2021
Políticas ambientais urbanas e guardas municipais;1.612.414;9788551913178;;;Livro;DL;06/12/2021
Políticas de educação e o mercado de trabalho na sociedade moderna;1.612.865;9788547326234;;;Livro;DL;29/12/2021
Pontos controversos sobre o Código de Processo Civil de 2015;1.612.681;9788555079573;;;Livro;DL;15/12/2021
Por alguns versos;1.612.536;9788540027442;;;Livro;DL;07/12/2021
Por cima do mar;1.612.324;9788582975916;;;Livro;DL;03/12/2021
Por construção de conceitos;1.612.770;9788580062731;;;Livro;DL;27/12/2021
Porque os que não têm, não têm o que não têm;1.612.638;9788536289571;;;Livro;DL;09/12/2021
Porto Seguro;1.612.660;9788571963016;;;Livro;DL;15/12/2021
Práticas de pesquisa em psicologia fenomenológica;1.612.703;9788547327743;;;Livro;DL;27/12/2021
Prazeres e pecados do sexo na história do Brasil;1.612.321;9788594931580;;;Livro;DL;03/12/2021
Presente ciências;1.612.575;9788516120658;5. ed.;2;Livro;DL;07/12/2021
Presente geografia;1.612.568;9788516117382;5. ed.;2;Livro;DL;07/12/2021
Presente história;1.612.555;9788516117689;5. ed.;;Livro;DL;07/12/2021
Presente história e geografia;1.612.567;9788516117641;5. ed.;2;Livro;DL;07/12/2021
Presente língua portuguesa;1.612.572;9788516120139;5. ed.;1;Livro;DL;07/12/2021
Presente língua portuguesa;1.612.394;9788516119287;5. ed.;5;Livro;DL;03/12/2021
Presente matemática;1.612.399;9788516119881;5. ed.;5;Livro;DL;03/12/2021
Primaveras de angústia;1.612.434;9788562371080;;;Livro;DL;06/12/2021
Professor Horáculo responde;1.612.501;9788566033441;1. ed.;;Livro;DL;07/12/2021
Programa de formação de educadores sociais na promoção da resiliência profissional;1.612.433;9788575665633;;;Livro;DL;06/12/2021
Projeto revitalização pessoal;1.612.494;9788540027480;;;Livro;DL;06/12/2021
Psicologia e cardiologia;1.612.373;9788595011205;;;Livro;DL;03/12/2021
Psicologia humanista na prática;1.612.274;9788580191905;;;Livro;DL;01/12/2021
Psicopatologia do adulto e do envelhecimento;1.612.372;9788595011212;;;Livro;DL;03/12/2021
Publicidade e desigualdade;1.612.847;9788520508145;;;Livro;DL;29/12/2021
Qualquer coisa é só chamar;1.612.385;9788595011328;;;Livro;DL;03/12/2021
Quando o corpo grita;1.612.462;9788520508022;;;Livro;DL;06/12/2021
Quatro séculos de lutas na Baía do Rio de Janeiro;1727916;;;;Documento textual;;08/12/2021
Quem canta seus males espanta!;1.612.547;9788555362385;;;Livro;DL;07/12/2021
Quem pensa enriquece;1.612.716;;Ed. atual. e comentada;;Livro;DL;27/12/2021
Redemoinho em dia quente;1.612.428;9788556520890;;;Livro;DL;06/12/2021
Redes de pesquisa e colaboração;1.612.709;;;;Livro;DL;27/12/2021
Reexaminando as novas formações estruturais do ente familiar na atualidade;1.612.710;;;;Livro;DL;27/12/2021
Reflexões psicanalíticas sobre reprodução assistida;1.612.541;9788520508442;;;Livro;DL;07/12/2021
Reforma tributária;1.612.726;9788520507964;;;Livro;DL;27/12/2021
Reino em pedaços;1.612.359;9788542216684;;;Livro;DL;03/12/2021
Relações familiares e o direito sucessório;1.612.763;9788593869457;;;Livro;DL;27/12/2021
Remorro;1723683;;;;Documento textual;;08/12/2021
Renovação espiritual;1.612.369;9788540027435;;;Livro;DL;03/12/2021
Resgatando auroras;1.612.334;9788593661563;;;Livro;DL;03/12/2021
Ressonância;1.612.252;9788571050679;1. ed.;;Livro;DL;01/12/2021
Ressurgimento;1.612.828;9788593123429;;;Livro;DL;29/12/2021
Retalhos de uma vida;1.612.608;9788540027909;;;Livro;DL;09/12/2021
Retornos do homem dos lobos;1.612.644;9788520508268;;;Livro;DL;09/12/2021
Retrato interrompido da vida de Euclides da Cunha;1.612.416;9788535932478;2. ed. ampl.;;Livro;DL;06/12/2021
Rhinocéros;1.612.436;9788542014167;;;Livro;DL;06/12/2021
Riacho das antas;1.612.499;9788540028388;;;Livro;DL;06/12/2021
Rick, o nerd detetive;1.612.876;9788516118716;2. ed.;;Livro;DL;29/12/2021
Rio de Janeiro e seus arredores (do Corcovado), [ nº 1];1.198.392;;;;Gravura;AA;23/03/2021
Risco vermelho;1.612.720;9788542014129;;;Livro;DL;27/12/2021
Rituais para um bom viver;1.612.508;9788542013993;;;Livro;DL;07/12/2021
Rosário de trovas;1.612.854;9788561326104;;;Livro;DL;29/12/2021
Rosas de maio;1.612.772;9788542216615;;;Livro;DL;27/12/2021
Rotas & rostos;1.612.342;9788540027572;;;Livro;DL;03/12/2021
RuminânSias;1.612.845;9788582975961;1. ed.;;Livro;DL;29/12/2021
Ruth Rocha;1.612.263;9788516116729;;;Livro;DL;01/12/2021
Sacadas de uma concurseira;1.612.382;9788542014112;;;Livro;DL;03/12/2021
Saga de um mineiro;1.612.548;9788540027626;;;Livro;DL;07/12/2021
Salobre;1.612.283;9788571050150;1. ed.;;Livro;DL;01/12/2021
Salve, água!;1.612.593;9788569062905;2. ed.;;Livro;DL;07/12/2021
São Paulo de Sérgio Buarque;1.612.612;9788540027947;;;Livro;DL;09/12/2021
São Paulo e seus documentos interessantes;1.612.667;9788555077043;;;Livro;DL;15/12/2021
São Tarcísio e outros santos coroinhas;1.612.311;9788553391288;;;Livro;DL;03/12/2021
Saturnismos;1725489;;;;Documento textual;;08/12/2021
Scheeps-togt van Robert Harcourt, Na Gujana, Gedaan in het Jaar 1608.;60084;;;;Livro;;16/12/2021
Segredos de Estado;1.612.706;9788593123382;2. ed.;;Livro;DL;27/12/2021
Segunda antologia poética;1.612.898;9788542014037;;;Livro;DL;29/12/2021
Seguro jurídico e acesso à justiça;1.612.380;9788551912058;;;Livro;DL;03/12/2021
Sem revoluções;1.612.861;9788547330521;;;Livro;DL;29/12/2021
Sem tempo para chorar;1.612.531;9788540027206;;;Livro;DL;07/12/2021
Sempre às segundas;1.612.594;9788520508015;;;Livro;DL;07/12/2021
Senescência;1.612.896;9788578781651;;;Livro;DL;29/12/2021
Ser feliz é tudo que se quer;1.612.630;9788520508381;;;Livro;DL;09/12/2021
Seu Tônio, o contador de histórias;1.612.622;9788569062967;1. ed.;;Livro;DL;09/12/2021
Sexo antes de tudo;1.612.724;9788566549690;;;Livro;DL;27/12/2021
Singular & plural;1.612.583;9788516113322;3. ed.;6;Livro;DL;07/12/2021
Sistema de distribuição de livros:;1742922;;;;Documento textual;;20/12/2021
Sob este signo vencerás;1.612.614;9788547332051;;;Livro;DL;09/12/2021
Sobre o filicídio;1.612.354;9788520507971;;;Livro;DL;03/12/2021
Sociedade da fortuna;1.612.303;9788566033038;;;Livro;DL;03/12/2021
Solitário;1.612.745;9788593695285;;;Livro;DL;27/12/2021
Sonetos infames;1.612.441;9788594960917;;;Livro;DL;06/12/2021
Sonetos sem rumo;1.612.443;9788542014440;Ed. comemorativa.;;Livro;DL;06/12/2021
Sou mãe, minha vida acabou?- de começar!;1.612.610;9788540026674;;;Livro;DL;09/12/2021
Surreal sensorial, manifesta, protesta;1.612.897;9788569839644;1. ed.;;Livro;DL;29/12/2021
Talvez Esther;1.612.407;9788535930566;;;Livro;DL;06/12/2021
Te Deum Laudamus;1.612.855;9788593123443;;;Livro;DL;29/12/2021
Teatro e memória;1.612.686;9788555079542;;;Livro;DL;15/12/2021
Teatro e tradução de teatro;1.612.447;9788566786552;;;Livro;DL;06/12/2021
Teatro e tradução de teatro;1.612.521;9788566786941;;;Livro;DL;07/12/2021
Tecnologia e processamento de frutas;1.612.339;9788594137487;;;Livro;DL;03/12/2021
Tecnologias digitais aplicadas à educação;1.612.688;9788547330446;;;Livro;DL;15/12/2021
Telos;1.612.727;9788561761127;1. ed.;3;Livro;DL;27/12/2021
Temas de direito;1.612.791;;;;Livro;DL;27/12/2021
Tempo - variado;1.612.309;9788540026322;;;Livro;DL;03/12/2021
Tempo de cura;1.612.456;9788569062875;1. ed.;;Livro;DL;06/12/2021
Teoria do direito;1.612.350;9788551911891;2. ed.;;Livro;DL;03/12/2021
Teoria do injusto penal;1.612.722;9788594773487;4. ed.;;Livro;DL;27/12/2021
Teorias do processo;1.612.747;9788594116604;;;Livro;DL;27/12/2021
Terapia fonoaudiológica em motricidade orofacial;1.612.725;9788589892919;;;Livro;DL;27/12/2021
Terapia racional-emotiva comportamental na teoria e na prática clínica;1.612.374;9788595011304;;;Livro;DL;03/12/2021
Territorialização dos atores hegemônicos, desenvolvimento regional e local;1.612.526;9788540026582;;;Livro;DL;07/12/2021
Tipificação do terrorismo internacional;1.612.378;9788551911587;;;Livro;DL;03/12/2021
Toda luz possível;1.612.455;9788569062936;1. ed.;;Livro;DL;06/12/2021
Tópicos em conservação e manejo do cerrado;1.612.497;9788540026971;;;Livro;DL;06/12/2021
Trabalho e gestão na perspectiva da atividade;1.612.714;;;;Livro;DL;27/12/2021
Transexualidade e direito;1.612.812;9788551911273;;;Livro;DL;29/12/2021
Travestis;1.612.657;9788547330927;[2. ed.];;Livro;DL;15/12/2021
Três anos na Itália;1.612.749;9788554885052;;;Livro;DL;27/12/2021
Três vírgula quatro graus na escala Richter;1.612.863;9788569708087;;;Livro;DL;29/12/2021
Tutela jurídica dos animais de estimação em face do direito constitucional brasileiro;1.612.279;9788551911914;;;Livro;DL;01/12/2021
Um casamento extravagante;1.612.514;9788540028241;2. ed.;;Livro;DL;07/12/2021
Um corpo em guerra;1.612.616;9788540027015;;;Livro;DL;09/12/2021
Um corpo negro;1.612.840;9788554044503;;;Livro;DL;29/12/2021
Um desejo para nós dois;1.612.696;9788542216851;;;Livro;DL;15/12/2021
Um homem comum;1.612.864;9788569708285;;;Livro;DL;29/12/2021
Um homem sábio e uma elite atrasada;1.612.636;9788540028111;;;Livro;DL;09/12/2021
Um jardim de esperança;1.612.786;9788580642322;1. ed.;;Livro;DL;27/12/2021
Um livro de interpretação literária;1.612.482;9788542013962;;;Livro;DL;06/12/2021
Um lugar ao sol;1.612.829;9788593123450;;;Livro;DL;29/12/2021
Um perdão que seria imperdoável;1.612.346;9788581064857;10. ed.;;Livro;DL;03/12/2021
Um show de bola;1.612.820;9788568925881;1. ed.;;Livro;DL;29/12/2021
Um tempo especial com Deus;1.612.785;9788580642353;1. ed.;;Livro;DL;27/12/2021
Um tempo especial com Deus para mulheres;1.612.645;9788580642339;1. ed.;;Livro;DL;09/12/2021
Um vislumbre a caminho;1.612.589;9788542014044;;;Livro;DL;07/12/2021
Uma dança para liberdade;1.612.800;9788547326555;;;Livro;DL;27/12/2021
Uma história de amor com a vida;1.612.276;9788580192001;;;Livro;DL;01/12/2021
Uma maçaneta no chão;1.612.293;9788554740214;2. ed.;;Livro;DL;01/12/2021
Uma variável complexa;1.612.328;9788531417405;;;Livro;DL;03/12/2021
Understanding grace;1.612.605;9788540027138;;;Livro;DL;09/12/2021
Universitas;87.166;;;16;Livro;C;21/12/2021
Usucapião, inventário e partilha, divórcio, união estável e protesto extrajudiciais;1.612.744;9788577894574;;;Livro;DL;27/12/2021
Usura & guerra;1.612.439;9788542014136;;;Livro;DL;06/12/2021
Vagão de doidos;1727419;;;;Documento textual;;08/12/2021
Vale-brincadeira;1.612.899;9788566566161;1. ed.;;Livro;DL;29/12/2021
Vamos conhecer os profetas da Bíblia;1.612.270;9788536905990;;;Livro;DL;01/12/2021
Venha conhecer o Brasil;1.612.885;9786580082049;1. ed.;;Livro;DL;29/12/2021
Verdade e política na obra de Hannah Arendt;1.612.671;9788547330583;;;Livro;DL;15/12/2021
Verdades do dia a dia;1.612.493;9788540027725;;;Livro;DL;06/12/2021
Vida dividida;1.612.887;9786580082001;1. ed.;;Livro;DL;29/12/2021
Vida e canção;1.612.853;9788567361048;;;Livro;DL;29/12/2021
Vida e lições de um prefeito inovador e- malcriado;1.612.277;9788580191783;;;Livro;DL;01/12/2021
Vigilantes cósmicos;1.612.544;9788562109232;1. ed.;;Livro;DL;07/12/2021
Vinco;1.612.841;9786590050205;;;Livro;DL;29/12/2021
Vire o jogo!;1.612.402;9788595085169;;;Livro;DL;06/12/2021
Visões de João Manoel;1.612.856;9788594170033;;;Livro;DL;29/12/2021
Visões e vivências latino-americanas do Cultura Viva;1.612.458;9788542013917;;;Livro;DL;06/12/2021
Vivi;1.612.338;9788554885083;;;Livro;DL;03/12/2021
Walter Benjamin;1.612.320;9788531406546;1. ed., 2. reimpr.;;Livro;DL;03/12/2021
We are all outsiders;1.612.437;9788534527095;;;Livro;DL;06/12/2021
Yutiguar, o charrua;1.612.542;9788520508343;;;Livro;DL;07/12/2021
Zeferina;1.612.834;9788520508367;;;Livro;DL;29/12/2021
