Pais,Geracao
Argentina,Baby Boomers
Argentina,Geração X
Argentina,Geração Z
Argentina,Millennials
Bolívia,Baby Boomers
Bolívia,Geração X
Bolívia,Geração Z
Bolívia,Millennials
Brasil,Baby Boomers
Brasil,Geração X
Brasil,Geração Z
Brasil,Millennials
Chile,Baby Boomers
Chile,Geração X
Chile,Geração Z
Chile,Millennials
Colômbia,Baby Boomers
Colômbia,Geração X
Colômbia,Geração Z
Colômbia,Millennials
Equador,Baby Boomers
Equador,Geração X
Equador,Geração Z
Equador,Millennials
Guiana,Baby Boomers
Guiana,Geração X
Guiana,Geração Z
Guiana,Millennials
Guiana Francesa,Baby Boomers
Guiana Francesa,Geração X
Guiana Francesa,Geração Z
Guiana Francesa,Millennials
Paraguai,Baby Boomers
Paraguai,Geração X
Paraguai,Geração Z
Paraguai,Millennials
Peru,Baby Boomers
Peru,Geração X
Peru,Geração Z
Peru,Millennials
Suriname,Baby Boomers
Suriname,Geração X
Suriname,Geração Z
Suriname,Millennials
Uruguai,Baby Boomers
Uruguai,Geração X
Uruguai,Geração Z
Uruguai,Millennials
Venezuela,Baby Boomers
Venezuela,Geração X
Venezuela,Geração Z
Venezuela,Millennials
